level_0,index,id,name,categories,referralId,hasPerk,location.address,location.crossStreet,location.lat,location.lng,location.labeledLatLngs,location.postalCode,location.cc,location.city,location.state,location.country,location.formattedAddress,venuePage.id,location.neighborhood
0,0,4c9e1438542b224b2925f09f,Bus Stop,Bus Stop,v-1611346322,False,Bournemouth Gardens,Gervis Rd,50.72004991352224,-1.8783867497434523,"[{'label': 'display', 'lat': 50.72004991352224, 'lng': -1.8783867497434523}]",BH 1 2,GB,Bournemouth,Dorset,United Kingdom,"['Bournemouth Gardens (Gervis Rd)', 'Bournemouth', 'Dorset', 'BH 1 2']",,
1,1,4e282b3fd4c0e361d9db0e87,Bus Stop,Bus Stop,v-1611346322,False,Bourne Avenue,,50.72099925094467,-1.8807245737094367,"[{'label': 'display', 'lat': 50.72099925094467, 'lng': -1.8807245737094367}]",,GB,Bournemouth,Dorset,United Kingdom,"['Bourne Avenue', 'Bournemouth', 'Dorset']",,
2,2,4d7b7ccecf3f3704925d3c40,Bournemouth Sq. Bus Stop,Bus Stop,v-1611346322,False,,,50.719904768700374,-1.8785133112071997,"[{'label': 'display', 'lat': 50.719904768700374, 'lng': -1.8785133112071997}]",,GB,,,United Kingdom,,,
3,3,4cd812e553a7f04d8a6d6116,Bus stop - cranborne house,Bus Stop,v-1611346322,False,,,50.72427056882155,-1.8672632932293252,"[{'label': 'display', 'lat': 50.72427056882155, 'lng': -1.8672632932293252}]",,GB,Bournemouth,Dorset,United Kingdom,"['Bournemouth', 'Dorset']",,
4,4,4da59b0d0cb6d75e29fae504,Cememtery Junction Bus Stop,Bus Stop,v-1611346322,False,,,50.73159058826061,-1.8733577885937027,"[{'label': 'display', 'lat': 50.73159058826061, 'lng': -1.8733577885937027}]",,GB,Bournemouth,Dorset,United Kingdom,"['Bournemouth', 'Dorset']",,
5,5,4dffa7b4a809baedbd923d16,Centre Bus Stop,Bus Stop,v-1611346322,False,,,50.7197901424205,-1.8784245224871567,"[{'label': 'display', 'lat': 50.7197901424205, 'lng': -1.8784245224871567}]",,GB,Bournemouth,Dorset,United Kingdom,"['Bournemouth', 'Dorset']",,
6,6,4d868a2c8de9721e16265d51,Bournemouth Square Bus Station (Stand S),Bus Stop,v-1611346322,False,,,50.719821,-1.878241,"[{'label': 'display', 'lat': 50.719821, 'lng': -1.878241}]",,GB,,,United Kingdom,,,
7,7,4fa7d29ae4b0bcbb48bca0dd,Bournemouth Yellow Bus Station,Bus Station,v-1611346322,False,,,50.71979581223556,-1.8777508950488393,"[{'label': 'display', 'lat': 50.71979581223556, 'lng': -1.8777508950488393}]",,GB,,,United Kingdom,,,
8,8,4e20550f52b1f82ffb929003,Staff Bus,Outdoors & Recreation,v-1611346322,False,,,50.72121,-1.88116,"[{'label': 'display', 'lat': 50.72121, 'lng': -1.88116}]",,GB,Bournemouth,Dorset,United Kingdom,"['Bournemouth', 'Dorset']",,
9,9,4fcf5aa8e4b0e76d894c2b9b,Number 3 Bus,Bus Line,v-1611346322,False,,,50.719079,-1.880247,"[{'label': 'display', 'lat': 50.719079, 'lng': -1.880247}]",,GB,,,United Kingdom,,,
10,10,4e6757aa183850162845d77b,39 Bus,Bus Line,v-1611346322,False,,,50.7193441,-1.877624,"[{'label': 'display', 'lat': 50.7193441, 'lng': -1.877624}]",,GB,,,United Kingdom,,,
11,11,58bc43167220e6425c323161,Burlington Arcade Bus Stop,Bus Stop,v-1611346322,False,,,50.72129,-1.8749925,"[{'label': 'display', 'lat': 50.72129, 'lng': -1.8749925}]",BH1,GB,Bournemouth,Dorset,United Kingdom,"['Bournemouth', 'Dorset', 'BH1']",,
12,12,5a7aa96995da0c0f0f5d501f,Terrace Road Bus Stop,Bus Stop,v-1611346322,False,Terrace Road,,50.719353,-1.883015,"[{'label': 'display', 'lat': 50.719353, 'lng': -1.883015}]",BH2 5NW,GB,Bournemouth,Dorset,United Kingdom,"['Terrace Road', 'Bournemouth', 'Dorset', 'BH2 5NW']",,
13,13,5a66dd30e96d0c0183568265,St Michael's Bus Stop,Bus Stop,v-1611346322,False,Poole Road,,50.72005,-1.8896307,"[{'label': 'display', 'lat': 50.72005, 'lng': -1.8896307}]",BH2 5QJ,GB,Bournemouth,Dorset,United Kingdom,"['Poole Road', 'Bournemouth', 'Dorset', 'BH2 5QJ']",,
14,14,4da71f7c6a230db30ed17543,Poole Hill Bus Stop,Bus Stop,v-1611346322,False,,,50.719727859558,-1.8869507991128642,"[{'label': 'display', 'lat': 50.719727859558, 'lng': -1.8869507991128642}]",,GB,Bournemouth,Dorset,United Kingdom,"['Bournemouth', 'Dorset']",,
15,15,5ac3c9e5898bdc1185da485c,Bournemouth Pier Bus Stop,Bus Stop,v-1611346322,False,Exeter Road,,50.71658,-1.8771403,"[{'label': 'display', 'lat': 50.71658, 'lng': -1.8771403}]",BH2 5AF,GB,Bournemouth,Dorset,United Kingdom,"['Exeter Road', 'Bournemouth', 'Dorset', 'BH2 5AF']",,
16,16,52defcdc11d25252db4e1fad,2b yellow bus,Bus Line,v-1611346322,False,,,50.72134793636238,-1.873960560340296,"[{'label': 'display', 'lat': 50.72134793636238, 'lng': -1.873960560340296}]",,GB,,,United Kingdom,,,
17,17,4ffd9482e4b06f1e8651fff0,In The Bus,Other Great Outdoors,v-1611346322,False,,,50.718132,-1.873774,"[{'label': 'display', 'lat': 50.718132, 'lng': -1.873774}]",,GB,,,United Kingdom,,,
18,18,5a7aa8dbb6eedb703f1f803e,Queens Road Bus Stop,Bus Stop,v-1611346322,False,Poole Road,,50.72068,-1.8920199,"[{'label': 'display', 'lat': 50.72068, 'lng': -1.8920199}]",BH2 5QU,GB,Bournemouth,Dorset,United Kingdom,"['Poole Road', 'Bournemouth', 'Dorset', 'BH2 5QU']",,
19,19,4cf2312c7e93f04d9aba5169,Lansdowne Bath Road Bus Stop,Bus Stop,v-1611346322,False,,,50.72119328401119,-1.8679647731489626,"[{'label': 'display', 'lat': 50.72119328401119, 'lng': -1.8679647731489626}]",,GB,,,United Kingdom,,,
21,21,5d74d6932c8f0d0008b4c995,Savoy Hotel Bus Stop,Bus Stop,v-1611346322,False,West Cliff Road,,50.71653,-1.8848393,"[{'label': 'display', 'lat': 50.71653, 'lng': -1.8848393}]",BH2 5JA,GB,,,United Kingdom,"['West Cliff Road', 'BH2 5JA']",,
22,22,5a813e7c9e0d542fa32388c9,Hinton Road Top Bus Stop,Bus Stop,v-1611346322,False,Hinton Road,,50.718197,-1.8725752,"[{'label': 'display', 'lat': 50.718197, 'lng': -1.8725752}]",BH1,GB,Bournemouth,Dorset,United Kingdom,"['Hinton Road', 'Bournemouth', 'Dorset', 'BH1']",,
23,23,4ceab632fe90a35de44d4f0e,University Bus Stop,Bus Stop,v-1611346322,False,,,50.74309975261418,-1.8985799021004333,"[{'label': 'display', 'lat': 50.74309975261418, 'lng': -1.8985799021004333}]",,GB,Bournemouth,Dorset,United Kingdom,"['Bournemouth', 'Dorset']",,
24,24,5a6de52bc876c851ad807f1f,Wootton Gardens Bus Stop,Bus Stop,v-1611346322,False,Old Christchurch Road,,50.722164,-1.8701162,"[{'label': 'display', 'lat': 50.722164, 'lng': -1.8701162}]",BH1 1JU,GB,Bournemouth,Dorset,United Kingdom,"['Old Christchurch Road', 'Bournemouth', 'Dorset', 'BH1 1JU']",,
25,25,5a7aaba2fdb9a72ceaa97228,Lansdowne (Christchurch Road) Bus Stop,Bus Stop,v-1611346322,False,Christchurch Road,,50.72219227337244,-1.8644351098574208,"[{'label': 'display', 'lat': 50.72219227337244, 'lng': -1.8644351098574208}]",BH1 3LT,GB,Bournemouth,Dorset,United Kingdom,"['Christchurch Road', 'Bournemouth', 'Dorset', 'BH1 3LT']",,
26,26,5639bfdacd106a29a3191b45,bus stop,Bus Stop,v-1611346322,False,,,50.72213076487877,-1.8642855262251743,"[{'label': 'display', 'lat': 50.72213076487877, 'lng': -1.8642855262251743}]",,GB,,,United Kingdom,,,
27,27,4e3195e7a809ef7b4ecefd2f,St. Francis Church Bus Stop,Bus Stop,v-1611346322,False,,,50.74769871142008,-1.861197200057863,"[{'label': 'display', 'lat': 50.74769871142008, 'lng': -1.861197200057863}]",,GB,,,United Kingdom,,,
28,28,5a7953598496ca474115b8ff,Netherhall Gardens Bus Stop,Bus Stop,v-1611346322,False,Poole Road,,50.72178,-1.89803,"[{'label': 'display', 'lat': 50.72178, 'lng': -1.89803}]",BH4 9DD,GB,Bournemouth,Dorset,United Kingdom,"['Poole Road', 'Bournemouth', 'Dorset', 'BH4 9DD']",,
29,29,4c79082da86837049d110f4d,Boscombe Bus Station,Bus Station,v-1611346322,False,Ashley Rd,,50.72802576643239,-1.8346747960608392,"[{'label': 'display', 'lat': 50.72802576643239, 'lng': -1.8346747960608392}]",,GB,Boscombe,Dorset,United Kingdom,"['Ashley Rd', 'Boscombe', 'Dorset']",,
30,0,4ba7c997f964a5205db339e3,Blakes Restaurant & Bar,Hotel Bar,v-1611346322,False,"Connaught Hotel, 30 West Hill Rd",at Hahnemann Rd,50.71721199218776,-1.8853271663676223,"[{'label': 'display', 'lat': 50.71721199218776, 'lng': -1.8853271663676223}]",BH2 5PH,GB,Bournemouth,Dorset,United Kingdom,"['Connaught Hotel, 30 West Hill Rd (at Hahnemann Rd)', 'Bournemouth', 'Dorset', 'BH2 5PH']",,
31,1,4b3dee01f964a520709725e3,Key West Restaurant,Restaurant,v-1611346322,False,Bournemouth Pier,Pier Approach,50.71401238004586,-1.8746515205336096,"[{'label': 'display', 'lat': 50.71401238004586, 'lng': -1.8746515205336096}]",BH2 5AA,GB,Bournemouth,Dorset,United Kingdom,"['Bournemouth Pier (Pier Approach)', 'Bournemouth', 'Dorset', 'BH2 5AA']",,
32,2,55967507498e87852dbcb554,corƒ±ander mexican restaurant,Mexican Restaurant,v-1611346322,False,,,50.72093636752633,-1.879375540260244,"[{'label': 'display', 'lat': 50.72093636752633, 'lng': -1.879375540260244}]",,GB,,,United Kingdom,,,
33,3,55984065498ee524862937eb,Miri's Restaurant,Restaurant,v-1611346322,False,55 Bourne Avenue,,50.72127,-1.88075,"[{'label': 'display', 'lat': 50.72127, 'lng': -1.88075}]",BH2 6DW,GB,Bournemouth,Dorset,United Kingdom,"['55 Bourne Avenue', 'Bournemouth', 'Dorset', 'BH2 6DW']",,
34,4,522e70358abfe9410c01e973,The Restaurant at the Gala Casino Nottingham,Restaurant,v-1611346322,False,48 Westover Rd.,,50.7181181370005,-1.87354627399958,"[{'label': 'display', 'lat': 50.7181181370005, 'lng': -1.87354627399958}]",BH1 2BZ,GB,Bournemouth,Dorset,United Kingdom,"['48 Westover Rd.', 'Bournemouth', 'Dorset', 'BH1 2BZ']",,
35,5,55034862498e18fb12ed2201,rotana restaurant and Cafe,Restaurant,v-1611346322,False,,,50.73576749698066,-1.866185506506125,"[{'label': 'display', 'lat': 50.73576749698066, 'lng': -1.866185506506125}]",,GB,,,United Kingdom,,,
36,6,4f50d00fe4b0d16b301054b7,Day's Restaurant,Chinese Restaurant,v-1611346322,False,"Unit 3, St. Peters Quarter",,50.720895371441856,-1.875720565626287,"[{'label': 'display', 'lat': 50.720895371441856, 'lng': -1.875720565626287}]",BH1 2AD,GB,Bournemouth,Dorset,United Kingdom,"['Unit 3, St. Peters Quarter', 'Bournemouth', 'Dorset', 'BH1 2AD']",,
37,7,53010e0f498eb70fe901ebdd,Dayz Chinese restaurant,Chinese Restaurant,v-1611346322,False,,,50.72101593017578,-1.8756904602050781,"[{'label': 'display', 'lat': 50.72101593017578, 'lng': -1.8756904602050781}]",,GB,Bournemouth,Dorset,United Kingdom,"['Bournemouth', 'Dorset']",,
39,9,4fedeedee4b0eb402e2ac806,Restaurant,Restaurant,v-1611346322,False,Christchurch Harbour Hotel & Spa,95 Mudeford,50.728382,-1.745257,"[{'label': 'display', 'lat': 50.728382, 'lng': -1.745257}]",,GB,Christchurch,Dorset,United Kingdom,"['Christchurch Harbour Hotel & Spa (95 Mudeford)', 'Christchurch', 'Dorset']",,
40,10,542a93ad498e69504f6e75ec,Atlantica Portuguese Restaurant,Portuguese Restaurant,v-1611346322,False,United Kingdom,,50.720055,-1.885325,"[{'label': 'display', 'lat': 50.720055, 'lng': -1.885325}]",,GB,,,United Kingdom,['United Kingdom'],,
41,11,4d767e3646a8b60c34dc382a,Tiien Thai Restaurant,Thai Restaurant,v-1611346322,False,105 St. Michaels Rd,,50.7158594,-1.8826364,"[{'label': 'display', 'lat': 50.7158594, 'lng': -1.8826364}]",BH2 5DU,GB,Bournemouth,Dorset,United Kingdom,"['105 St. Michaels Rd', 'Bournemouth', 'Dorset', 'BH2 5DU']",,
42,12,58e2468fd0bb3e2f45a66c77,Troy Turkish Restaurant,Turkish Restaurant,v-1611346322,False,5 The Triangle,,50.72004378358437,-1.8853449696386213,"[{'label': 'display', 'lat': 50.72004378358437, 'lng': -1.8853449696386213}]",BH2 5RY,GB,Bournemouth,Dorset,United Kingdom,"['5 The Triangle', 'Bournemouth', 'Dorset', 'BH2 5RY']",,
43,13,5fa3d2b3f326260d3402423a,Prezzo Italian Restaurant Bournemouth Westover Road,Restaurant,v-1611346322,False,58-59 Westover Rd,,50.71806,-1.87311,"[{'label': 'display', 'lat': 50.71806, 'lng': -1.87311}]",BH1 2BZ,GB,Bournemouth,,United Kingdom,"['58-59 Westover Rd', 'Bournemouth', 'BH1 2BZ']",,
44,14,4cd7f5d25e1b721e039937d9,Saray Turkish Restaurant,Turkish Restaurant,v-1611346322,False,208 Old Christchurch Rd,,50.72215774667084,-1.8705477416925425,"[{'label': 'display', 'lat': 50.72215774667084, 'lng': -1.8705477416925425}]",BH1 1PD,GB,Bournemouth,Dorset,United Kingdom,"['208 Old Christchurch Rd', 'Bournemouth', 'Dorset', 'BH1 1PD']",,
45,15,4b76a449f964a520ff552ee3,West Beach Restaurant and Bar,Seafood Restaurant,v-1611346322,False,Pier Approach,,50.71556796346859,-1.8774826354415532,"[{'label': 'display', 'lat': 50.71556796346859, 'lng': -1.8774826354415532}]",BH2 5AA,GB,Bournemouth,Dorset,United Kingdom,"['Pier Approach', 'Bournemouth', 'Dorset', 'BH2 5AA']",,
46,16,52dbd608498e408913a3db33,Paprika Restaurant,Gastropub,v-1611346322,False,332 Holdenhurst Road,,50.7336540222168,-1.8459515571594238,"[{'label': 'display', 'lat': 50.7336540222168, 'lng': -1.8459515571594238}]",BH8 8BE,GB,Bournemouth,Dorset,United Kingdom,"['332 Holdenhurst Road', 'Bournemouth', 'Dorset', 'BH8 8BE']",164150151,
47,17,5903a333b546187ea55a86e7,Agora Restaurant,Restaurant,v-1611346322,False,,,50.72276,-1.868827,"[{'label': 'display', 'lat': 50.72276, 'lng': -1.868827}]",BH1,GB,Bournemouth,Dorset,United Kingdom,"['Bournemouth', 'Dorset', 'BH1']",,
48,18,510113f4c84cd79a5df30e26,"Dragon Inn Chinese Restaurant & Takeaway, Bournemouth",Chinese Restaurant,v-1611346322,False,685 Wimborne Road,,50.74893378034029,-1.8773853778839111,"[{'label': 'display', 'lat': 50.74893378034029, 'lng': -1.8773853778839111}]",BH9 2AT,GB,Bournemouth,,United Kingdom,"['685 Wimborne Road', 'Bournemouth', 'BH9 2AT']",,
49,19,4fbf9afde4b060bd330a09fc,Wave Restaurant and Bar,Bar,v-1611346322,False,,,50.721579,-1.86678,"[{'label': 'display', 'lat': 50.721579, 'lng': -1.86678}]",,GB,,,United Kingdom,,,
50,20,52f7cbc0498effed36c80f73,Full Plate restaurant,Polish Restaurant,v-1611346322,False,19 Lansdowne Rd,,50.72342980765827,-1.8669354915618896,"[{'label': 'display', 'lat': 50.72342980765827, 'lng': -1.8669354915618896}]",BH1 1RZ,GB,Bournemouth,Dorset,United Kingdom,"['19 Lansdowne Rd', 'Bournemouth', 'Dorset', 'BH1 1RZ']",,
51,21,4db1df3a1e729fcc565c7380,Fredricks Restaurant,Restaurant,v-1611346322,False,Menzies Carlton Hotel,East Overcliff,50.718615,-1.864815,"[{'label': 'display', 'lat': 50.718615, 'lng': -1.864815}]",BH1 3DN,GB,Bournemouth,Dorset,United Kingdom,"['Menzies Carlton Hotel (East Overcliff)', 'Bournemouth', 'Dorset', 'BH1 3DN']",,
52,22,5476431e498e0976300f3623,Scoffier Restaurant,English Restaurant,v-1611346322,False,,,50.72139293812948,-1.8644868694985899,"[{'label': 'display', 'lat': 50.72139293812948, 'lng': -1.8644868694985899}]",,GB,,,United Kingdom,,,
53,23,58a9bf3972efa45b3781462b,Chiquito,Mexican Restaurant,v-1611346322,False,Exeter Road,Exeter Rd,50.7189141,-1.8795482,"[{'label': 'display', 'lat': 50.7189141, 'lng': -1.8795482}]",BH2 5AU,GB,Bournemouth,Dorset,United Kingdom,"['Exeter Road (Exeter Rd)', 'Bournemouth', 'Dorset', 'BH2 5AU']",,
54,24,5f72449e86a6aa1b1dec748f,Minas Restaurant & Bar,Portuguese Restaurant,v-1611346322,False,60 Holdenhurst Rd,,50.7237015,-1.8642842,"[{'label': 'display', 'lat': 50.7237015, 'lng': -1.8642842}]",BH8 8AQ,GB,Bournemouth,Dorset,United Kingdom,"['60 Holdenhurst Rd', 'Bournemouth', 'Dorset', 'BH8 8AQ']",,
55,25,58c997d15804ea7c26e16ac3,Prezzo,Italian Restaurant,v-1611346322,False,UG9 BH2 Leisure Complex,Exeter Crescent,50.71879,-1.879928,"[{'label': 'display', 'lat': 50.71879, 'lng': -1.879928}]",BH2 5DD,GB,Bournemouth,Dorset,United Kingdom,"['UG9 BH2 Leisure Complex (Exeter Crescent)', 'Bournemouth', 'Dorset', 'BH2 5DD']",,
56,26,4b95500bf964a520c89b34e3,1812 Cocktail Bar,Cocktail Bar,v-1611346322,False,Exeter Road,Royal Exeter Hotel,50.71774830326034,-1.8785731362643863,"[{'label': 'display', 'lat': 50.71774830326034, 'lng': -1.8785731362643863}]",BH2 5AG,GB,Bournemouth,Dorset,United Kingdom,"['Exeter Road (Royal Exeter Hotel)', 'Bournemouth', 'Dorset', 'BH2 5AG']",,
57,27,4be1944b8dd062b5d8603e3c,The Garden Restaurant - Cottonwood Boutique Hotel,Hotel,v-1611346322,False,The Cottonwood Boutique Hotel East Overcliff Drive,East Cliff,50.71979486465741,-1.8588841918312096,"[{'label': 'display', 'lat': 50.71979486465741, 'lng': -1.8588841918312096}]",BH1 3AP,GB,Bournemouth,Dorset,United Kingdom,"['The Cottonwood Boutique Hotel East Overcliff Drive (East Cliff)', 'Bournemouth', 'Dorset', 'BH1 3AP']",,
58,28,4c6f021dd7fab1f727215ac9,Retro Lebanese Restaurant,Lebanese Restaurant,v-1611346322,False,Charminster Rd,,50.73536646475639,-1.8674849679964372,"[{'label': 'display', 'lat': 50.73536646475639, 'lng': -1.8674849679964372}]",,GB,Bournouth,,United Kingdom,"['Charminster Rd', 'Bournouth']",,
59,29,4c27bc583492a593d754b628,Atlantico,Fast Food Restaurant,v-1611346322,False,6 The Triangle,Commercial Rd,50.720058188779845,-1.8853561209819296,"[{'label': 'display', 'lat': 50.720058188779845, 'lng': -1.8853561209819296}]",BH2 5RY,GB,Bournemouth,Dorset,United Kingdom,"['6 The Triangle (Commercial Rd)', 'Bournemouth', 'Dorset', 'BH2 5RY']",,
60,0,5f1113e5f4103e7f66b105fa,Benefit Cosmetics Brow Bar,Health & Beauty Service,v-1611346322,False,The Square,,50.72019324157779,-1.878584753372956,"[{'label': 'display', 'lat': 50.72019324157779, 'lng': -1.878584753372956}]",BH2 5LY,GB,Bournemouth,Dorset,United Kingdom,"['The Square', 'Bournemouth', 'Dorset', 'BH2 5LY']",,
61,1,570f9496498e6c82d012d93f,Level8ight The Sky Bar,Cocktail Bar,v-1611346322,False,Hilton Bournmouth,,50.718990858884816,-1.8807912913924714,"[{'label': 'display', 'lat': 50.718990858884816, 'lng': -1.8807912913924714}]",BH2 5EL,GB,Bournemouth,Dorset,United Kingdom,"['Hilton Bournmouth', 'Bournemouth', 'Dorset', 'BH2 5EL']",177772192,
62,3,4e46745a62845e1d3c91104a,Flirt Caf√© Bar,Caf√©,v-1611346322,False,21 The Triangle,,50.720412296535,-1.8846704893325783,"[{'label': 'display', 'lat': 50.720412296535, 'lng': -1.8846704893325783}]",BH2 5RG,GB,Bournemouth,Dorset,United Kingdom,"['21 The Triangle', 'Bournemouth', 'Dorset', 'BH2 5RG']",,
63,4,4c87aa6e821e9eb06bcc8d89,The Christopher Creeke (Lloyds No. 1 Bar),Pub,v-1611346322,False,2 Holdenhurst Rd,,50.72251908033322,-1.8659288929394577,"[{'label': 'display', 'lat': 50.72251908033322, 'lng': -1.8659288929394577}]",BH8 8AD,GB,Bournemouth,Dorset,United Kingdom,"['2 Holdenhurst Rd', 'Bournemouth', 'Dorset', 'BH8 8AD']",,
64,5,4c006549ad15a5931ddf8d73,Camel Bar - Shisha House,Hookah Bar,v-1611346322,False,164-178 Old Christchurch Rd,,50.72208520921635,-1.8721763931139668,"[{'label': 'display', 'lat': 50.72208520921635, 'lng': -1.8721763931139668}]",BH 1 1,GB,Bournemouth,Dorset,United Kingdom,"['164-178 Old Christchurch Rd', 'Bournemouth', 'Dorset', 'BH 1 1']",,
65,6,5962924b610f0449bddcc05c,Garden Bar,Beer Garden,v-1611346322,False,,,50.720355,-1.879759,"[{'label': 'display', 'lat': 50.720355, 'lng': -1.879759}]",BH2,GB,Bournemouth,Dorset,United Kingdom,"['Bournemouth', 'Dorset', 'BH2']",,
66,7,59629b99c9a5176d679ca243,Garden Bar,Beer Garden,v-1611346322,False,,,50.72036,-1.879903,"[{'label': 'display', 'lat': 50.72036, 'lng': -1.879903}]",BH2 6DT,GB,Bournemouth,Dorset,United Kingdom,"['Bournemouth', 'Dorset', 'BH2 6DT']",,
67,8,4cc5d6d6306e224b0167a56c,Bournemouth Noodle Bar,Noodle House,v-1611346322,False,148 Holdenhurst Rd,,50.72741530654406,-1.8611416352093773,"[{'label': 'display', 'lat': 50.72741530654406, 'lng': -1.8611416352093773}]",BH8 8AS,GB,Bournemouth,Dorset,United Kingdom,"['148 Holdenhurst Rd', 'Bournemouth', 'Dorset', 'BH8 8AS']",,
68,9,4bcc4f9b511f9521dcb7b2c7,Hamptons Lounge Bar,Bar,v-1611346322,False,Upper Terrace Rd,,50.71935155853108,-1.880624100889311,"[{'label': 'display', 'lat': 50.71935155853108, 'lng': -1.880624100889311}]",BH 2 5,GB,Bournemouth,Dorset,United Kingdom,"['Upper Terrace Rd', 'Bournemouth', 'Dorset', 'BH 2 5']",,
69,10,4ba29a74f964a5205b0838e3,Bar So,Bar,v-1611346322,False,Exeter Rd,Royal Exeter Hotel,50.71771251567274,-1.8790860057419505,"[{'label': 'display', 'lat': 50.71771251567274, 'lng': -1.8790860057419505}]",BH2 5AG,GB,Bournemouth,Dorset,United Kingdom,"['Exeter Rd (Royal Exeter Hotel)', 'Bournemouth', 'Dorset', 'BH2 5AG']",,
70,11,56759297498e85cb275ea5e6,Apr√®s Skate Bar,Beer Garden,v-1611346322,False,,,50.719138,-1.877625,"[{'label': 'display', 'lat': 50.719138, 'lng': -1.877625}]",,GB,,,United Kingdom,,,
71,12,596a7f9dc9a51773634aec79,That Bar Downstairs,Hotel Bar,v-1611346322,False,,,50.718799,-1.880525,"[{'label': 'display', 'lat': 50.718799, 'lng': -1.880525}]",BH2,GB,Bournemouth,Dorset,United Kingdom,"['Bournemouth', 'Dorset', 'BH2']",,
72,13,581b4212195c4b5a43af21e5,Eden Bar & Club,Cocktail Bar,v-1611346322,False,"St. Andrews Church Hall, Exeter Road",,50.71880962186368,-1.880873177909848,"[{'label': 'display', 'lat': 50.71880962186368, 'lng': -1.880873177909848}]",BH2 5AQ,GB,Bournemouth,Dorset,United Kingdom,"['St. Andrews Church Hall, Exeter Road', 'Bournemouth', 'Dorset', 'BH2 5AQ']",,
73,14,4b5f177af964a52092a529e3,Saxo Jazz Bar,Bar,v-1611346322,False,59 Charminster Rd.,,50.735227294357315,-1.868158306167505,"[{'label': 'display', 'lat': 50.735227294357315, 'lng': -1.868158306167505}]",BH8 8UE,GB,Bournemouth,Dorset,United Kingdom,"['59 Charminster Rd.', 'Bournemouth', 'Dorset', 'BH8 8UE']",,
74,15,4bb66743ef159c7461e575f7,Bar Beyond,Gay Bar,v-1611346322,False,,,50.71975,-1.884931,"[{'label': 'display', 'lat': 50.71975, 'lng': -1.884931}]",,GB,,,United Kingdom,,,
76,17,5407a8ef498e09506b702b4c,Bar Republiq,Nightclub,v-1611346322,False,176 Old Christchurch Rd,,50.722022401523105,-1.8721280548956465,"[{'label': 'display', 'lat': 50.722022401523105, 'lng': -1.8721280548956465}]",BH1 1NU,GB,Bournemouth,Dorset,United Kingdom,"['176 Old Christchurch Rd', 'Bournemouth', 'Dorset', 'BH1 1NU']",,
77,18,4dbd40136a23e294ba413b79,Bournemouth Cocktail Bar,Cocktail Bar,v-1611346322,False,,,50.7182959425011,-1.8764026639187383,"[{'label': 'display', 'lat': 50.7182959425011, 'lng': -1.8764026639187383}]",,GB,Bournemouth,Dorset,United Kingdom,"['Bournemouth', 'Dorset']",,
78,19,52aa62a4498e56d21aac31cc,Base Food Bar,Burger Joint,v-1611346322,False,,,50.721582,-1.874243,"[{'label': 'display', 'lat': 50.721582, 'lng': -1.874243}]",,GB,,,United Kingdom,,,
80,21,504259e7e4b0aa9bdbe650af,Pilots Mess Bar,Bar,v-1611346322,False,,,50.718191,-1.875431,"[{'label': 'display', 'lat': 50.718191, 'lng': -1.875431}]",,GB,,,United Kingdom,,,
81,22,56a3fdb9498e478b48f20d0d,Mantattan Bar & Lounge,Bar,v-1611346322,False,,,50.719832,-1.874358,"[{'label': 'display', 'lat': 50.719832, 'lng': -1.874358}]",,GB,,,United Kingdom,,,
82,23,512f5098e4b014b79ea5fd3b,Salad Bar,Salad Place,v-1611346322,False,,,50.723803,-1.878585,"[{'label': 'display', 'lat': 50.723803, 'lng': -1.878585}]",,GB,,,United Kingdom,,,
83,24,4e4adf6b62e1ce23e56ec2a9,Theatre Bar Bournemouth Pavillion,Bar,v-1611346322,False,Westover Rd,,50.718005623587175,-1.8745509378274172,"[{'label': 'display', 'lat': 50.718005623587175, 'lng': -1.8745509378274172}]",BH1 2BU,GB,Bournemouth,Dorset,United Kingdom,"['Westover Rd', 'Bournemouth', 'Dorset', 'BH1 2BU']",,
84,25,4b6b60dcf964a520c5042ce3,Champions Sports Bar,Sports Bar,v-1611346322,False,Norwich Avenue West,,50.720159,-1.885362,"[{'label': 'display', 'lat': 50.720159, 'lng': -1.885362}]",BH 2 5,GB,Bournemouth,Dorset,United Kingdom,"['Norwich Avenue West', 'Bournemouth', 'Dorset', 'BH 2 5']",,
85,26,4d53fb9cdcb1a143aa72b9bf,Appetites Sandwich Bar,Sandwich Place,v-1611346322,False,7 yelverton rd,,50.72209064439101,-1.8748373154845834,"[{'label': 'display', 'lat': 50.72209064439101, 'lng': -1.8748373154845834}]",BH1 1DA,GB,Bournemouth,Dorset,United Kingdom,"['7 yelverton rd', 'Bournemouth', 'Dorset', 'BH1 1DA']",,
86,27,5225d06b11d2b1fafa8ac48e,Tico's Cafe & Bar,Caf√©,v-1611346322,False,,,50.719907,-1.885411,"[{'label': 'display', 'lat': 50.719907, 'lng': -1.885411}]",,GB,,,United Kingdom,,,
87,28,4bd98c752e6f0f4711f10a08,Dylan's Bar,Bar,v-1611346322,False,Bournemouth University,,50.74288025665746,-1.8967458501459395,"[{'label': 'display', 'lat': 50.74288025665746, 'lng': -1.8967458501459395}]",BH12 5BB,GB,Poole,Dorset,United Kingdom,"['Bournemouth University', 'Poole', 'Dorset', 'BH12 5BB']",,
88,0,5454f89c498e21f359190ada,The Four Horsemen Pub,Bar,v-1611346323,False,77-79 Commercial Road,,50.7199623471257,-1.8839736915069631,"[{'label': 'display', 'lat': 50.7199623471257, 'lng': -1.8839736915069631}]",BH2 5RT,GB,Bournemouth,Dorset,United Kingdom,"['77-79 Commercial Road', 'Bournemouth', 'Dorset', 'BH2 5RT']",,
89,1,4be31f83b02ec9b624a24ec0,Broadway Pub,Pub,v-1611346323,False,2-12 Broadway Ln,241 Castle Ln W,50.7543597163943,-1.8571345770717125,"[{'label': 'display', 'lat': 50.7543597163943, 'lng': -1.8571345770717125}]",BH 8 0,GB,Bournemouth,Dorset,United Kingdom,"['2-12 Broadway Ln (241 Castle Ln W)', 'Bournemouth', 'Dorset', 'BH 8 0']",,
90,2,5781369b498e99a1c1c9f107,The Overcliff Pub & Kitchen,Bar,v-1611346323,False,,,50.719204,-1.860412,"[{'label': 'display', 'lat': 50.719204, 'lng': -1.860412}]",BH1 3AG,GB,Bournemouth,Dorset,United Kingdom,"['Bournemouth', 'Dorset', 'BH1 3AG']",,
91,3,4d0d31503905b1f73df5984b,Britannia pub,Pub,v-1611346323,False,Britannia road,Salterns road,50.722395,-1.954198,"[{'label': 'display', 'lat': 50.722395, 'lng': -1.954198}]",,GB,Poole,Dorset,United Kingdom,"['Britannia road (Salterns road)', 'Poole', 'Dorset']",,
92,4,4bc3124f920eb713a1e41c2c,The Goat and Tricycle,Pub,v-1611346323,False,27-29 W Hill Rd.,,50.719326367800825,-1.8876790772659013,"[{'label': 'display', 'lat': 50.719326367800825, 'lng': -1.8876790772659013}]",BH2 5PF,GB,Bournemouth,Dorset,United Kingdom,"['27-29 W Hill Rd.', 'Bournemouth', 'Dorset', 'BH2 5PF']",,Dorset
94,6,4c3f79c0d7fad13a829004da,Queens Park Pub,Pub,v-1611346323,False,,,50.73451283810805,-1.8440877901576829,"[{'label': 'display', 'lat': 50.73451283810805, 'lng': -1.8440877901576829}]",Bh8 9ar,GB,Bournemouth,Dorset,United Kingdom,"['Bournemouth', 'Dorset', 'Bh8 9ar']",,
95,7,4f036db74690f6eceda072df,lake Rise Pub,Bar,v-1611346323,False,,,50.74627106576938,-1.877536029799812,"[{'label': 'display', 'lat': 50.74627106576938, 'lng': -1.877536029799812}]",,GB,,,United Kingdom,,,
96,8,4bfd4be54cf820a1f039ecf4,Talbot Pub,Pub,v-1611346323,False,559 Wimborne Road,,50.74623109193666,-1.8777340650558472,"[{'label': 'display', 'lat': 50.74623109193666, 'lng': -1.8777340650558472}]",BH9 2AR,GB,Bournemouth,,United Kingdom,"['559 Wimborne Road', 'Bournemouth', 'BH9 2AR']",,
97,10,4c2dc0ce755795210a875d83,The Crown Pub,Pub,v-1611346323,False,Broadhurst Av,,50.761856786472755,-1.8858598515205358,"[{'label': 'display', 'lat': 50.761856786472755, 'lng': -1.8858598515205358}]",BH10 6JW,GB,Northbourne,Dorset,United Kingdom,"['Broadhurst Av', 'Northbourne', 'Dorset', 'BH10 6JW']",,
98,11,4b93db83f964a5208e5534e3,The Winchester,Bar,v-1611346323,False,39 Poole Hill,,50.719720669287724,-1.887661071888708,"[{'label': 'display', 'lat': 50.719720669287724, 'lng': -1.887661071888708}]",BH2 5PW,GB,Bournemouth,Dorset,United Kingdom,"['39 Poole Hill', 'Bournemouth', 'Dorset', 'BH2 5PW']",,
99,12,4c94a057533aa09399e6c045,The Parkstone Pub,Bar,v-1611346323,False,Ashley road,,50.72890283052492,-1.9389550925021266,"[{'label': 'display', 'lat': 50.72890283052492, 'lng': -1.9389550925021266}]",,GB,Poole,Dorset,United Kingdom,"['Ashley road', 'Poole', 'Dorset']",,
100,13,4c3c7d0b7d00d13a28f03850,The Durley Inn (Harvester),English Restaurant,v-1611346323,False,Durley Chine Rd.,,50.71341945298081,-1.8889952286086065,"[{'label': 'display', 'lat': 50.71341945298081, 'lng': -1.8889952286086065}]",BH2 5JG,GB,Bournemouth,,United Kingdom,"['Durley Chine Rd.', 'Bournemouth', 'BH2 5JG']",,
101,14,4b7b02bef964a520f44b2fe3,The Westbourne,Pub,v-1611346323,False,45 Poole Rd,,50.72249053382077,-1.9010306910484418,"[{'label': 'display', 'lat': 50.72249053382077, 'lng': -1.9010306910484418}]",BH4 9DN,GB,Bournemouth,Dorset,United Kingdom,"['45 Poole Rd', 'Bournemouth', 'Dorset', 'BH4 9DN']",,
102,15,4b476590f964a520d63026e3,The Cow Pub,Pub,v-1611346323,False,58 Station Rd,Ashley Cross,50.72315942659266,-1.9483227376122898,"[{'label': 'display', 'lat': 50.72315942659266, 'lng': -1.9483227376122898}]",BH14 8UD,GB,,Dorset,United Kingdom,"['58 Station Rd (Ashley Cross)', 'Parkstone', 'Dorset', 'BH14 8UD']",,
103,16,557ec0dd498e1a9642d2c4e0,The Wight Bear pub,Pub,v-1611346323,False,,,50.7290805224802,-1.81397351436486,"[{'label': 'display', 'lat': 50.7290805224802, 'lng': -1.81397351436486}]",,GB,Bournemouth,Dorset,United Kingdom,"['Bournemouth', 'Dorset']",,
104,17,4dd42b1f22716ea3ce57afee,The Victory Pub & Kitchen,Bar,v-1611346323,False,,,50.74651781448981,-1.8183540848951003,"[{'label': 'display', 'lat': 50.74651781448981, 'lng': -1.8183540848951003}]",,GB,Bournemouth,Dorset,United Kingdom,"['Bournemouth', 'Dorset']",,
105,18,4ce54ca9b31737041849a9f6,Sea View Pub,Bar,v-1611346323,False,614-638 Ashley Rd,,50.7308674683488,-1.9527752462035957,"[{'label': 'display', 'lat': 50.7308674683488, 'lng': -1.9527752462035957}]",BH1 4 0,GB,Poole,Dorset,United Kingdom,"['614-638 Ashley Rd', 'Poole', 'Dorset', 'BH1 4 0']",,
106,19,4d828f485e70224b1d25e608,Pottery pub,Pub,v-1611346323,False,Ringwood road,,50.73403,-1.955962,"[{'label': 'display', 'lat': 50.73403, 'lng': -1.955962}]",,GB,Poole,Dorset,United Kingdom,"['Ringwood road', 'Poole', 'Dorset']",,
107,20,4c38d3ddae2da5932d6e01c6,Richmond Arms,Pub,v-1611346323,False,153 Charminster Rd,,50.73641016187469,-1.865595702267106,"[{'label': 'display', 'lat': 50.73641016187469, 'lng': -1.865595702267106}]",BH8 8UH,GB,Bournemouth,Dorset,United Kingdom,"['153 Charminster Rd', 'Bournemouth', 'Dorset', 'BH8 8UH']",,
108,21,4c00180c37850f473cb8973f,Rising Sun Gastro Pub,Gastropub,v-1611346323,False,3 Dear Hay Ln,,50.72236032686943,-1.9742189382033521,"[{'label': 'display', 'lat': 50.72236032686943, 'lng': -1.9742189382033521}]",BH15 1NZ,GB,Poole,Dorset,United Kingdom,"['3 Dear Hay Ln', 'Poole', 'Dorset', 'BH15 1NZ']",,
109,22,4cf577a0c28df04d2797c515,The Dolphin,Pub,v-1611346323,False,Holdenhurst Rd.,,50.72986640891278,-1.8535236991537496,"[{'label': 'display', 'lat': 50.72986640891278, 'lng': -1.8535236991537496}]",BH 8 8,GB,Bournemouth,Dorset,United Kingdom,"['Holdenhurst Rd.', 'Bournemouth', 'Dorset', 'BH 8 8']",,
110,23,4bc9b9f0937ca593c52da692,The Fiveways,Pub,v-1611346323,False,423 Charminster Rd,,50.7436912,-1.8616502,"[{'label': 'display', 'lat': 50.7436912, 'lng': -1.8616502}]",BH8 9QY,GB,Bournemouth,Dorset,United Kingdom,"['423 Charminster Rd', 'Bournemouth', 'Dorset', 'BH8 9QY']",,
112,25,5013eaa7e4b06fc7ceebc029,The oakdale Pub,Pub,v-1611346323,False,,,50.739661697568835,-1.961447753574071,"[{'label': 'display', 'lat': 50.739661697568835, 'lng': -1.961447753574071}]",,GB,,,United Kingdom,,,
113,26,4ca8629714c337043968d33b,The Dudsbury Pub & Restaurant,Pub,v-1611346323,False,,,50.77918573685561,-1.887856232599167,"[{'label': 'display', 'lat': 50.77918573685561, 'lng': -1.887856232599167}]",BH2 2 8,GB,West Parley,Dorset,United Kingdom,"['West Parley', 'Dorset', 'BH2 2 8']",,
114,27,5cbf36e2b54618002c6889b5,The Best Pub Guide,Business Service,v-1611346323,False,10 Hooke Close,,50.7520819,-1.9550386,"[{'label': 'display', 'lat': 50.7520819, 'lng': -1.9550386}]",BH17 8BB,GB,Poole,Dorset,United Kingdom,"['10 Hooke Close', 'Poole', 'Dorset', 'BH17 8BB']",,
115,28,58f338f0c8772e103391c37f,Woods By The Oakdale Pub,Dog Run,v-1611346323,False,,,50.73941,-1.9658041,"[{'label': 'display', 'lat': 50.73941, 'lng': -1.9658041}]",B H15,GB,Poole,Dorset,United Kingdom,"['Poole', 'Dorset', 'B H15']",,
116,29,4dc52dfafa76d685cdd8fba6,Seabournes,Bar,v-1611346323,False,Christchurch Rd.,,50.730668553140255,-1.825413458924715,"[{'label': 'display', 'lat': 50.730668553140255, 'lng': -1.825413458924715}]",BH5 2AB,GB,Bournemouth,Dorset,United Kingdom,"['Christchurch Rd.', 'Bournemouth', 'Dorset', 'BH5 2AB']",,
117,0,4c49ad4c3013a5932c3d10e3,Park Central,Hotel,v-1611346323,False,Exeter Road,,50.717147621346186,-1.8776656465741048,"[{'label': 'display', 'lat': 50.717147621346186, 'lng': -1.8776656465741048}]",,GB,Bournemouth,Dorset,United Kingdom,"['Exeter Road', 'Bournemouth', 'Dorset']",,
118,1,5798add7498e2bdcd16b9578,Picnic Park Deli,Sandwich Place,v-1611346323,False,,,50.718646,-1.875338,"[{'label': 'display', 'lat': 50.718646, 'lng': -1.875338}]",BH1,GB,Bournemouth,Dorset,United Kingdom,"['Bournemouth', 'Dorset', 'BH1']",,
119,2,4cb6c59e56fca1cd319b5818,Leyton Mount Car Park,Parking,v-1611346323,False,Madeira Rd,,50.72276418262858,-1.872568130493164,"[{'label': 'display', 'lat': 50.72276418262858, 'lng': -1.872568130493164}]",BH1 1QQ,GB,Bournemouth,Dorset,United Kingdom,"['Madeira Rd', 'Bournemouth', 'Dorset', 'BH1 1QQ']",,
120,3,4bf2f49698ac0f47055662a8,Meyrick Park,Park,v-1611346323,False,,,50.72806249764638,-1.88185633469139,"[{'label': 'display', 'lat': 50.72806249764638, 'lng': -1.88185633469139}]",,GB,Bournemouth,Dorset,United Kingdom,"['Bournemouth', 'Dorset']",,
121,4,4bded2b5fe0e62b5fdf90506,The Dean Park Inn,Hotel,v-1611346323,False,41 Wimborne Rd,,50.731290512419946,-1.8740730951353057,"[{'label': 'display', 'lat': 50.731290512419946, 'lng': -1.8740730951353057}]",BH2 6NB,GB,Bournemouth,Dorset,United Kingdom,"['41 Wimborne Rd', 'Bournemouth', 'Dorset', 'BH2 6NB']",,
122,5,543e408f498e0624205ab59f,Richmond Hill Car Park,Parking,v-1611346323,False,,,50.72076416015625,-1.8782639503479004,"[{'label': 'display', 'lat': 50.72076416015625, 'lng': -1.8782639503479004}]",,GB,,,United Kingdom,,,
123,6,50b1f284e4b0036cfb41d0f8,Avenue Road Multi Storey Car Park,Parking,v-1611346323,False,Avenue Road,,50.720928,-1.88405,"[{'label': 'display', 'lat': 50.720928, 'lng': -1.88405}]",,GB,,,United Kingdom,['Avenue Road'],,
124,7,4e4f666918383eb2af21006b,Mount Terrace Car Park,Parking,v-1611346323,False,Upper Terrace Rd,Below Hampton by Hiton,50.718837,-1.881356,"[{'label': 'display', 'lat': 50.718837, 'lng': -1.881356}]",,GB,Bournemouth,Dorset,United Kingdom,"['Upper Terrace Rd (Below Hampton by Hiton)', 'Bournemouth', 'Dorset']",,
126,9,4fc928a1e4b0e79686937f84,The Lodge At Meyrick Park,Hotel,v-1611346323,False,,,50.72462602078838,-1.8830277928532748,"[{'label': 'display', 'lat': 50.72462602078838, 'lng': -1.8830277928532748}]",,GB,,,United Kingdom,,,
127,10,4c398b5d2c8020a197e68c00,Winter Gardens Car Park,Parking,v-1611346323,False,,,50.71795785302563,-1.8803977324571775,"[{'label': 'display', 'lat': 50.71795785302563, 'lng': -1.8803977324571775}]",,GB,,,United Kingdom,,,
128,11,5437c01e498eb1650c6e4ab8,Richmond Car Park Toilet,Public Bathroom,v-1611346323,False,,,50.71903667258626,-1.8757572363171486,"[{'label': 'display', 'lat': 50.71903667258626, 'lng': -1.8757572363171486}]",,GB,,,United Kingdom,,,
129,12,5076a2b8e4b0214d64d12355,BIC Car Park,Parking,v-1611346323,False,,,50.717567558574714,-1.8797521008790612,"[{'label': 'display', 'lat': 50.717567558574714, 'lng': -1.8797521008790612}]",,GB,,,United Kingdom,,,
130,13,4c6aae103d8bc9b646018d90,Bournemouth Gardens Play Park,Playground,v-1611346323,False,Bourne Avenue,,50.72181505730893,-1.8838776495200344,"[{'label': 'display', 'lat': 50.72181505730893, 'lng': -1.8838776495200344}]",,GB,Bournemouth,Dorset,United Kingdom,"['Bourne Avenue', 'Bournemouth', 'Dorset']",,
131,14,502a1c6ce4b079114a567c7c,Richmond Gardens Car Park,Parking,v-1611346323,False,Richmond Rd,,50.722026906821526,-1.8768511875976035,"[{'label': 'display', 'lat': 50.722026906821526, 'lng': -1.8768511875976035}]",,GB,Bournemouth,Dorset,United Kingdom,"['Richmond Rd', 'Bournemouth', 'Dorset']",,
132,15,4f883ff3e4b0e5ed7355fb62,avenue road car park,Parking,v-1611346323,False,,,50.72076870344904,-1.8849086791639598,"[{'label': 'display', 'lat': 50.72076870344904, 'lng': -1.8849086791639598}]",,GB,,,United Kingdom,,,
134,17,4ba7bf99f964a520cfaf39e3,Meyrick Park Club,Gym / Fitness Center,v-1611346323,False,Meyrick Park,Central Drive,50.72522077774377,-1.8840617542078248,"[{'label': 'display', 'lat': 50.72522077774377, 'lng': -1.8840617542078248}]",BH 2 5,GB,Bournemouth,Dorset,United Kingdom,"['Meyrick Park (Central Drive)', 'Bournemouth', 'Dorset', 'BH 2 5']",,
135,18,51a9c25e498ef9ce63475fc7,Central Car Park,Parking,v-1611346323,False,Upper Hinton Rd,,50.719685,-1.873701,"[{'label': 'display', 'lat': 50.719685, 'lng': -1.873701}]",BH1 2HH,GB,Bournemouth,Dorset,United Kingdom,"['Upper Hinton Rd', 'Bournemouth', 'Dorset', 'BH1 2HH']",,
137,20,4d90af771d06b1f7beca793b,Glen Fern Car Park,Parking,v-1611346323,False,Glen Fern Rd,,50.721578,-1.872922,"[{'label': 'display', 'lat': 50.721578, 'lng': -1.872922}]",,GB,Bournemouth,Dorset,United Kingdom,"['Glen Fern Rd', 'Bournemouth', 'Dorset']",,
138,21,4bc0798babf495213842bf93,Toms Park,Playground,v-1611346323,False,2-14 Bradburne Rd,,50.72189301910818,-1.8858039327123388,"[{'label': 'display', 'lat': 50.72189301910818, 'lng': -1.8858039327123388}]",BH 2 5,GB,Bournemouth,Dorset,United Kingdom,"['2-14 Bradburne Rd', 'Bournemouth', 'Dorset', 'BH 2 5']",,
139,22,52385aec11d2883155514baa,Glenfern Car Park,Parking,v-1611346323,False,,,50.72232437133789,-1.8732211589813232,"[{'label': 'display', 'lat': 50.72232437133789, 'lng': -1.8732211589813232}]",,GB,,,United Kingdom,,,
140,23,50bd3672e4b0532c3a5583c2,Meyrick Park Golf Course,Golf Course,v-1611346323,False,Central Drive,,50.725562487366844,-1.885850674216069,"[{'label': 'display', 'lat': 50.725562487366844, 'lng': -1.885850674216069}]",BH2 6LH,GB,Bournemouth,Dorset,United Kingdom,"['Central Drive', 'Bournemouth', 'Dorset', 'BH2 6LH']",,
141,24,4d94b22ce923721e826372fe,Bath Road South Car Park,Parking,v-1611346323,False,E Cliff Promenade,,50.71706643,-1.87319432,"[{'label': 'display', 'lat': 50.71706643, 'lng': -1.87319432}]",BH 1 2,GB,Bournemouth,Dorset,United Kingdom,"['E Cliff Promenade', 'Bournemouth', 'Dorset', 'BH 1 2']",,
142,25,4ea921e699114a2b12487eed,Madiera Road Car Park,Parking,v-1611346323,False,,,50.72254180908203,-1.872645378112793,"[{'label': 'display', 'lat': 50.72254180908203, 'lng': -1.872645378112793}]",,GB,,,United Kingdom,,,
143,26,4e54bdfccc3f1174d44ca3c5,Lime Cafe @ Queens Park,Caf√©,v-1611346323,False,Queens Park West Drive,,50.739252597594,-1.8508529663085938,"[{'label': 'display', 'lat': 50.739252597594, 'lng': -1.8508529663085938}]",BH8 9BY,GB,Bournemouth,Dorset,United Kingdom,"['Queens Park West Drive', 'Bournemouth', 'Dorset', 'BH8 9BY']",,
144,27,58a96bc452a0510c0be4bcef,Parkway Retail Park Roundabout,Pedestrian Plaza,v-1611346323,False,,,50.72742,-1.8609327,"[{'label': 'display', 'lat': 50.72742, 'lng': -1.8609327}]",,GB,,,United Kingdom,,,
145,28,4f81ba16e4b00d7482f9a074,Pinecliff Park,Park,v-1611346323,False,,,50.71446480690362,-1.8724129151623197,"[{'label': 'display', 'lat': 50.71446480690362, 'lng': -1.8724129151623197}]",,GB,,,United Kingdom,,,
146,29,515cb552e4b0003b32bbb551,The Glade (Meyrick Park),Residential Building (Apartment / Condo),v-1611346323,False,,,50.727428,-1.878515,"[{'label': 'display', 'lat': 50.727428, 'lng': -1.878515}]",,GB,,,United Kingdom,,,
147,0,4eba724b7bebe1a86f47b11a,The Gym,Gym,v-1611346323,False,29-36 Westover Road,,50.71866324843398,-1.8747058510780334,"[{'label': 'display', 'lat': 50.71866324843398, 'lng': -1.8747058510780334}]",BH1 2BZ,GB,Bournemouth,Dorset,United Kingdom,"['29-36 Westover Road', 'Bournemouth', 'Dorset', 'BH1 2BZ']",,
148,1,51eeafdf498ed4f32beda015,Gym Elstead Hotel,Gym Pool,v-1611346323,False,,,50.72090488639233,-1.880386721400658,"[{'label': 'display', 'lat': 50.72090488639233, 'lng': -1.880386721400658}]",,GB,,,United Kingdom,,,
149,2,4e48ece452b1bac0d9961e9f,PureGym,Gym / Fitness Center,v-1611346323,False,"Units 9/10, The Triangle",,50.72087401478224,-1.8840953826839788,"[{'label': 'display', 'lat': 50.72087401478224, 'lng': -1.8840953826839788}]",BH2 5RQ,GB,Bournemouth,Dorset,United Kingdom,"['Units 9/10, The Triangle', 'Bournemouth', 'Dorset', 'BH2 5RQ']",,
150,3,521c746b04935b671ee945ef,Ippon Gym,Martial Arts School,v-1611346323,False,"Unit 1-2, 4 Terrace Rd",,50.71943591564786,-1.882309913635254,"[{'label': 'display', 'lat': 50.71943591564786, 'lng': -1.882309913635254}]",BH2 5NJ,GB,Bournemouth,Dorset,United Kingdom,"['Unit 1-2, 4 Terrace Rd', 'Bournemouth', 'Dorset', 'BH2 5NJ']",85884012,
151,4,5199f589498eec59f3124929,Marriott Gym,Gym,v-1611346323,False,Salisbury Rd,,50.715485311455325,-1.8811873265594143,"[{'label': 'display', 'lat': 50.715485311455325, 'lng': -1.8811873265594143}]",,GB,,,United Kingdom,['Salisbury Rd'],,
152,5,4d557ab9ba5b224bbb150f14,Bulldog Gym,Martial Arts School,v-1611346323,False,205 Old Christchurch Road,Stafford Road,50.72263,-1.868849,"[{'label': 'display', 'lat': 50.72263, 'lng': -1.868849}]",,GB,Bournemouth,Dorset,United Kingdom,"['205 Old Christchurch Road (Stafford Road)', 'Bournemouth', 'Dorset']",,
153,6,526013f111d22ac3d83cc42e,Jon's Gym,Climbing Gym,v-1611346323,False,,,50.722150767976444,-1.866899040106902,"[{'label': 'display', 'lat': 50.722150767976444, 'lng': -1.866899040106902}]",,GB,,,United Kingdom,,,
154,7,50f08943e4b0e6ba5a520618,AECC | Gym üèà,College Gym,v-1611346323,False,13-15 Parkwood Road,,50.726755972689524,-1.8284284496576868,"[{'label': 'display', 'lat': 50.726755972689524, 'lng': -1.8284284496576868}]",,GB,Bournemouth,Dorset,United Kingdom,"['13-15 Parkwood Road', 'Bournemouth', 'Dorset']",,
155,8,4ce41358748d6ea8c160ce50,Globo Gym,Gym,v-1611346323,False,,,50.724072,-1.896937,"[{'label': 'display', 'lat': 50.724072, 'lng': -1.896937}]",,GB,,,United Kingdom,,,
156,9,5dfea1e666d038000820101c,Better Gym Bournemouth,Gym / Fitness Center,v-1611346323,False,St Pauls Rd,,50.726646,-1.864111,"[{'label': 'display', 'lat': 50.726646, 'lng': -1.864111}]",BH8 8DL,GB,Bournemouth,Dorset,United Kingdom,"['St Pauls Rd', 'Bournemouth', 'Dorset', 'BH8 8DL']",,
157,10,4dadce1c1e72b2444e498d45,P90x Gym,Gym,v-1611346323,False,,,50.715096434138815,-1.8956543825747638,"[{'label': 'display', 'lat': 50.715096434138815, 'lng': -1.8956543825747638}]",,GB,Bournemouth,Dorset,United Kingdom,"['Bournemouth', 'Dorset']",,
158,11,5c081610112c6c002cb07717,Village Gym Bournemouth,Gym,v-1611346323,False,Deansleigh Road,,50.747184,-1.81915,"[{'label': 'display', 'lat': 50.747184, 'lng': -1.81915}]",BH7 7DZ,GB,Bournemouth,Dorset,United Kingdom,"['Deansleigh Road', 'Bournemouth', 'Dorset', 'BH7 7DZ']",,
159,12,4fe0afc5e4b0c4779178530c,Riviera Gym,Gym,v-1611346323,False,,,50.712545,-1.899748,"[{'label': 'display', 'lat': 50.712545, 'lng': -1.899748}]",,GB,,,United Kingdom,,,
160,13,4ec2e10849014076e819c6f2,Gym,College Gym,v-1611346323,False,,,50.741901527820445,-1.93329456532946,"[{'label': 'display', 'lat': 50.741901527820445, 'lng': -1.93329456532946}]",,GB,,,United Kingdom,,,
161,14,4f0b5284e4b07c8f8f0844c2,Stokewood Gym,Gym,v-1611346323,False,Stokewood Rd,,50.73718419047705,-1.8722461122589005,"[{'label': 'display', 'lat': 50.73718419047705, 'lng': -1.8722461122589005}]",BH3 7ND,GB,Bournemouth,Dorset,United Kingdom,"['Stokewood Rd', 'Winton', 'Dorset', 'BH3 7ND']",,
162,15,4f8c2c0de4b04a07611ba4a5,Majestic Gym,Gym,v-1611346323,False,,,50.7252416115227,-1.842212319890778,"[{'label': 'display', 'lat': 50.7252416115227, 'lng': -1.842212319890778}]",,GB,,,United Kingdom,,,
163,16,5e736231820c7c0008ab3dd6,PureGym Bournemouth,Gym / Fitness Center,v-1611346323,False,9-10 Avenue Rd,,50.72077200548671,-1.8841960430472682,"[{'label': 'display', 'lat': 50.72077200548671, 'lng': -1.8841960430472682}]",BH2 5RQ,GB,Bournemouth,Dorset,United Kingdom,"['9-10 Avenue Rd', 'Bournemouth', 'Dorset', 'BH2 5RQ']",,
164,17,4f0dbd35e4b03684a4a8cd81,Bournemouth Uni Gym,College Gym,v-1611346323,False,,,50.74283360806151,-1.8964861983612704,"[{'label': 'display', 'lat': 50.74283360806151, 'lng': -1.8964861983612704}]",,GB,,,United Kingdom,,,
165,18,540b427b498e69e16e32386f,Gym BCS,Gym / Fitness Center,v-1611346323,False,,,50.725716,-1.821324,"[{'label': 'display', 'lat': 50.725716, 'lng': -1.821324}]",,GB,,,United Kingdom,,,
167,20,4d41ce4e1bd2a143e276017d,The Gym @ St Peters School,Gym / Fitness Center,v-1611346323,False,,,50.72387270468719,-1.793645320050056,"[{'label': 'display', 'lat': 50.72387270468719, 'lng': -1.793645320050056}]",,GB,,,United Kingdom,,,
168,21,4ce3997ddc85a143689046d2,Cardio Area At Village Gym,Gym,v-1611346323,False,,,50.746485,-1.818372,"[{'label': 'display', 'lat': 50.746485, 'lng': -1.818372}]",,GB,,,United Kingdom,,,
169,22,57f4a560498e27eb68175b3f,Village Gym Bournemouth,Gym / Fitness Center,v-1611346323,False,Deansleigh Road,,50.746388081245506,-1.817792057991028,"[{'label': 'display', 'lat': 50.746388081245506, 'lng': -1.817792057991028}]",BH7 7DZ,GB,Bournemouth,Dorset,United Kingdom,"['Deansleigh Road', 'Bournemouth', 'Dorset', 'BH7 7DZ']",,
170,23,4f8d9fbce4b013d9a563f95d,Gazzy's Gym,Gym,v-1611346323,False,Wick Point Mews,,50.731316,-1.781247,"[{'label': 'display', 'lat': 50.731316, 'lng': -1.781247}]",,GB,Christchurch,Dorset,United Kingdom,"['Wick Point Mews', 'Christchurch', 'Dorset']",,
171,24,575690ac498e7dd8f79a2a8b,The Haven Gym,College Gym,v-1611346323,False,161 Banks Road,,50.683268,-1.947111,"[{'label': 'display', 'lat': 50.683268, 'lng': -1.947111}]",BH13 7QL,GB,Poole,Dorset,United Kingdom,"['161 Banks Road', 'Poole', 'Dorset', 'BH13 7QL']",,
172,25,4c35b87616adc928fd25c79c,Littledown Centre Gym,Gym,v-1611346323,False,Castle Lane,,50.743382495982374,-1.8301492427180792,"[{'label': 'display', 'lat': 50.743382495982374, 'lng': -1.8301492427180792}]",,GB,Bournemouth,Dorset,United Kingdom,"['Castle Lane', 'Bournemouth', 'Dorset']",,
173,26,4c6a3b15897b1b8d6e55b117,Pelhams Park Gym,Gym,v-1611346323,False,102-103 Manor Farm Rd,,50.77211273355691,-1.899008675183816,"[{'label': 'display', 'lat': 50.77211273355691, 'lng': -1.899008675183816}]",BH10 7LF,GB,Bournemouth,Dorset,United Kingdom,"['102-103 Manor Farm Rd', 'Bournemouth', 'Dorset', 'BH10 7LF']",,
174,27,4b922a11f964a5203dea33e3,DW Fitness First,Gym / Fitness Center,v-1611346323,False,The Commerce Centre,Cromer Road,50.73013941742573,-1.9204501671468828,"[{'label': 'display', 'lat': 50.73013941742573, 'lng': -1.9204501671468828}]",BH12 1DN,GB,Poole,Dorset,United Kingdom,"['The Commerce Centre (Cromer Road)', 'Poole', 'Dorset', 'BH12 1DN']",,
175,28,4de357521f6e3190cd257454,Mad's Gym,Gym,v-1611346323,False,138-162 Rempstone Rd,,50.780083625,-1.975614925,"[{'label': 'display', 'lat': 50.780083625, 'lng': -1.975614925}]",BH2 1 1,GB,Poole,Dorset,United Kingdom,"['138-162 Rempstone Rd', 'Poole', 'Dorset', 'BH2 1 1']",,
176,29,4f785f1ce4b0f52db9f12d00,Kid Thunders Slim Gym,Martial Arts School,v-1611346323,False,,,50.793308,-1.894173,"[{'label': 'display', 'lat': 50.793308, 'lng': -1.894173}]",,GB,,,United Kingdom,,,
177,0,4c1e4e0963750f474280b967,Co-op Food,Grocery Store,v-1611346324,False,Old Christchurch Rd.,,50.722116615753364,-1.8747205543330359,"[{'label': 'display', 'lat': 50.722116615753364, 'lng': -1.8747205543330359}]",,GB,Bournemouth,Dorset,United Kingdom,"['Old Christchurch Rd.', 'Bournemouth', 'Dorset']",,
178,1,4ec8f59e29c22cc60e1c2336,Co-op Food,Grocery Store,v-1611346324,False,Madeira Road,,50.72377959661339,-1.8674665689468384,"[{'label': 'display', 'lat': 50.72377959661339, 'lng': -1.8674665689468384}]",BH1 1QQ,GB,Bournemouth,Dorset,United Kingdom,"['Madeira Road', 'Bournemouth', 'Dorset', 'BH1 1QQ']",,
179,2,517fd0a9498e4cd99171b290,Co-op Food,Grocery Store,v-1611346324,False,,,50.72620854627584,-1.8611108751207701,"[{'label': 'display', 'lat': 50.72620854627584, 'lng': -1.8611108751207701}]",,GB,,,United Kingdom,,,
180,3,504f657d7e27022f969b6782,Co-op Food,Grocery Store,v-1611346324,False,"382 Holdenhurst Road,",,50.73259522688655,-1.8507228799582989,"[{'label': 'display', 'lat': 50.73259522688655, 'lng': -1.8507228799582989}]",BH8 8BN,GB,Bournemouth,Dorset,United Kingdom,"['382 Holdenhurst Road,', 'Bournemouth', 'Dorset', 'BH8 8BN']",,
181,4,54afd18c498e85d1b9197b0d,LARA (Traditional Turkish food),Turkish Restaurant,v-1611346324,False,108 Charminster road,,50.735727332926054,-1.8666270931016646,"[{'label': 'display', 'lat': 50.735727332926054, 'lng': -1.8666270931016646}]",,GB,,,United Kingdom,['108 Charminster road'],,
182,5,504f657d7e27022f969b6952,Co-op Food,Grocery Store,v-1611346324,False,269/273 Charminster Rd,,50.74018803148076,-1.8635615968400818,"[{'label': 'display', 'lat': 50.74018803148076, 'lng': -1.8635615968400818}]",BH8 9QJ,GB,Bournemouth,Dorset,United Kingdom,"['269/273 Charminster Rd', 'Bournemouth', 'Dorset', 'BH8 9QJ']",,
183,6,53171980498e0fab6fa35edb,food farmacy,Fast Food Restaurant,v-1611346324,False,,,50.723073,-1.871995,"[{'label': 'display', 'lat': 50.723073, 'lng': -1.871995}]",,GB,,,United Kingdom,,,
184,8,4c823b5751ada1cd1f111a10,Co-op Food,Grocery Store,v-1611346324,False,"Wimborne Road,",Bournemouth,50.75507424344209,-1.874428970520023,"[{'label': 'display', 'lat': 50.75507424344209, 'lng': -1.874428970520023}]",BH9 2BN,GB,Bournemouth,Dorset,United Kingdom,"['Wimborne Road, (Bournemouth)', 'Bournemouth', 'Dorset', 'BH9 2BN']",,
185,9,53b16b94498e40442f9008ce,Co-op Food,Convenience Store,v-1611346324,False,14 Queens Rd,,50.72194546479423,-1.8932908527635854,"[{'label': 'display', 'lat': 50.72194546479423, 'lng': -1.8932908527635854}]",BH2 6BE,GB,Bournemouth,Dorset,United Kingdom,"['14 Queens Rd', 'Bournemouth', 'Dorset', 'BH2 6BE']",,
186,10,4d9f60c20ea841bd3c84dbd7,M&S Foodhall,Grocery Store,v-1611346324,False,56 Seamoor Rd,,50.722923176973076,-1.9049864754956696,"[{'label': 'display', 'lat': 50.722923176973076, 'lng': -1.9049864754956696}]",BH4 9AT,GB,Dorset,Dorset,United Kingdom,"['56 Seamoor Rd', 'Dorset', 'BH4 9AT']",572809197,
187,11,589481d4a1492637fed9141e,Sukha Lounge ‚Ä¢ RAW Food,Coffee Shop,v-1611346324,False,,,50.727863,-1.834975,"[{'label': 'display', 'lat': 50.727863, 'lng': -1.834975}]",,GB,,,United Kingdom,,,
188,12,5056014ce4b0e7a9784c76e3,"The Co-operative Food Parkstone, Penn Hill Avenue",Convenience Store,v-1611346324,False,"1/1A & 2 Bank Chambers, Penn Hill Avenue",,50.7233893,-1.9255928,"[{'label': 'display', 'lat': 50.7233893, 'lng': -1.9255928}]",BH14 9NB,GB,Poole,Dorset,United Kingdom,"['1/1A & 2 Bank Chambers, Penn Hill Avenue', 'Poole', 'Dorset', 'BH14 9NB']",,
189,13,4f991a16e4b078b7284e86c0,Bournemouth Food Centre,Deli / Bodega,v-1611346324,False,,,50.722178,-1.867346,"[{'label': 'display', 'lat': 50.722178, 'lng': -1.867346}]",,GB,,,United Kingdom,,,
190,14,4d08b7af611ff04df25a1cfb,Alex's Good Food,Caf√©,v-1611346324,False,6 Lansdowne Road,,50.722543,-1.866973,"[{'label': 'display', 'lat': 50.722543, 'lng': -1.866973}]",BH1 1SD,GB,Bournemouth,Dorset,United Kingdom,"['6 Lansdowne Road', 'Bournemouth', 'Dorset', 'BH1 1SD']",,
191,15,4e74639b2271ffa4e67207d2,Co-op Food,Grocery Store,v-1611346324,False,,,50.7217280485795,-1.7971651258584125,"[{'label': 'display', 'lat': 50.7217280485795, 'lng': -1.7971651258584125}]",,GB,,,United Kingdom,,,
192,16,4ee230bf9adf48bc19ca94c4,Co-op Food,Grocery Store,v-1611346324,False,235 Castle Lane,Broadway Ln,50.75478488672804,-1.8575979676097631,"[{'label': 'display', 'lat': 50.75478488672804, 'lng': -1.8575979676097631}]",BH9 3LD,GB,Bournemouth,Dorset,United Kingdom,"['235 Castle Lane (Broadway Ln)', 'Bournemouth', 'Dorset', 'BH9 3LD']",,
193,17,57fb98a2498e66b44d1a026c,Flamin Grate Food Company,Food Service,v-1611346324,False,40 Canford Rd,,50.74810085099419,-1.910705775463157,"[{'label': 'display', 'lat': 50.74810085099419, 'lng': -1.910705775463157}]",BH11 8SA,GB,Bournemouth,Dorset,United Kingdom,"['40 Canford Rd', 'Bournemouth', 'Dorset', 'BH11 8SA']",,
194,18,504f657d7e27022f969b67af,Co-op Food,Grocery Store,v-1611346324,False,"62-64 Columbia Road, Ensbury Park",,50.7518981809518,-1.8895283767678301,"[{'label': 'display', 'lat': 50.7518981809518, 'lng': -1.8895283767678301}]",BH10 4DX,GB,Hampshire,Hampshire,United Kingdom,"['62-64 Columbia Road, Ensbury Park', 'Hampshire', 'BH10 4DX']",,
195,19,4e15f40b8877cd571212ac2f,Co-op Food,Grocery Store,v-1611346324,False,36 Good Rd.,,50.7399858848617,-1.9373273849487305,"[{'label': 'display', 'lat': 50.7399858848617, 'lng': -1.9373273849487305}]",BH12 3HP,GB,Dorset,Dorset,United Kingdom,"['36 Good Rd.', 'Dorset', 'BH12 3HP']",,
196,20,4cdec8a794c3b60c9d8867ea,Co-op Food,Grocery Store,v-1611346324,False,"Castle Lane West,",,50.75691989,-1.864468,"[{'label': 'display', 'lat': 50.75691989, 'lng': -1.864468}]",BH9 3JZ,GB,Hampshire,Hampshire,United Kingdom,"['Castle Lane West,', 'Hampshire', 'BH9 3JZ']",,
197,21,4c17a45e59cc2d7f73ef5287,Co-op Food,Grocery Store,v-1611346324,False,"74 Oakdale Road, Oakdale",Dale Valley Road,50.73789090673883,-1.9702788137874705,"[{'label': 'display', 'lat': 50.73789090673883, 'lng': -1.9702788137874705}]",BH15 3LG,GB,Poole,Dorset,United Kingdom,"['74 Oakdale Road, Oakdale (Dale Valley Road)', 'Poole', 'Dorset', 'BH15 3LG']",,
198,22,504f657d7e27022f969b68e4,Co-op Food,Grocery Store,v-1611346324,False,"170 Seabourne Road,",,50.72861646425114,-1.82363205732784,"[{'label': 'display', 'lat': 50.72861646425114, 'lng': -1.82363205732784}]",BH5 2JB,GB,Bournemouth,Dorset,United Kingdom,"['170 Seabourne Road,', 'Bournemouth', 'Dorset', 'BH5 2JB']",,
199,23,4e9ef916f790109d91069a61,Co-op Food,Grocery Store,v-1611346324,False,"922/924 Ringwood Road, High Howe",,50.75874870009648,-1.926126480102539,"[{'label': 'display', 'lat': 50.75874870009648, 'lng': -1.926126480102539}]",BH11 8NL,GB,Dorset,Dorset,United Kingdom,"['922/924 Ringwood Road, High Howe', 'Dorset', 'BH11 8NL']",,
200,24,4c9e066046978cfa95189d7f,Co-op Food,Grocery Store,v-1611346324,False,"346 Ashley Road, Parkstone",,50.72873826787881,-1.9370023253771274,"[{'label': 'display', 'lat': 50.72873826787881, 'lng': -1.9370023253771274}]",BH14 9DF,GB,Poole,Dorset,United Kingdom,"['346 Ashley Road, Parkstone', 'Poole', 'Dorset', 'BH14 9DF']",,
201,25,504f657d7e27022f969b68e5,Co-op Food,Grocery Store,v-1611346324,False,"98-100 Cranleigh Road, Southbourne",,50.7321176159146,-1.805273180628059,"[{'label': 'display', 'lat': 50.7321176159146, 'lng': -1.805273180628059}]",BH6 5JL,GB,Bournemouth,Dorset,United Kingdom,"['98-100 Cranleigh Road, Southbourne', 'Bournemouth', 'Dorset', 'BH6 5JL']",,
202,26,504f657d7e27022f969b6920,Co-op Food,Grocery Store,v-1611346324,False,"135-139 Tuckton Road, Tuckton",,50.72869144310614,-1.7937133055275485,"[{'label': 'display', 'lat': 50.72869144310614, 'lng': -1.7937133055275485}]",BH6 3JZ,GB,Bournemouth,Dorset,United Kingdom,"['135-139 Tuckton Road, Tuckton', 'Bournemouth', 'Dorset', 'BH6 3JZ']",,
203,27,58de90d1e7f1cf4b9ba58d5b,"The Co-operative Food Bournemouth, East Howe Lane",Convenience Store,v-1611346324,False,270 Kinson Rd,,50.758926815270236,-1.900265584781664,"[{'label': 'display', 'lat': 50.758926815270236, 'lng': -1.900265584781664}]",BH10 5JL,GB,Bournemouth,Dorset,United Kingdom,"['270 Kinson Rd', 'Bournemouth', 'Dorset', 'BH10 5JL']",,
204,28,504f657e7e27022f969b6a0e,Co-op Food,Grocery Store,v-1611346324,False,"291 Sandbanks Road,",,50.709709,-1.946135,"[{'label': 'display', 'lat': 50.709709, 'lng': -1.946135}]",BH14 8EZ,GB,Dorset,Dorset,United Kingdom,"['291 Sandbanks Road,', 'Dorset', 'BH14 8EZ']",,
205,29,4cfcd108d8468cfada67fc6b,Co-op Food,Grocery Store,v-1611346324,False,1436-1468 Wimborne Rd,,50.7687082730969,-1.9005969513031098,"[{'label': 'display', 'lat': 50.7687082730969, 'lng': -1.9005969513031098}]",BH1 0 7,GB,Bournemouth,Dorset,United Kingdom,"['1436-1468 Wimborne Rd', 'Bournemouth', 'Dorset', 'BH1 0 7']",,
217,11,4b82e155f964a520aaea30e3,Asda,Supermarket,v-1611346325,False,St Pauls Road,,50.7265214,-1.8649713,"[{'label': 'display', 'lat': 50.7265214, 'lng': -1.8649713}]",BH8 8DL,GB,Bournemouth,Dorset,United Kingdom,"['St Pauls Road', 'Bournemouth', 'Dorset', 'BH8 8DL']",,
236,0,4d90a6511d06b1f7f0ea783b,The Body Shop,Cosmetics Shop,v-1611346325,False,Commericial Rd,,50.72046858147684,-1.8820287721974098,"[{'label': 'display', 'lat': 50.72046858147684, 'lng': -1.8820287721974098}]",,GB,Bournemouth,Dorset,United Kingdom,"['Commericial Rd', 'Bournemouth', 'Dorset']",,
237,1,5c73f719e65d0c002cbc168d,Beach Shop,Gift Shop,v-1611346325,False,Bournemouth Pier,,50.716353,-1.875908,"[{'label': 'display', 'lat': 50.716353, 'lng': -1.875908}]",BH2,GB,Bournemouth,Dorset,United Kingdom,"['Bournemouth Pier', 'Bournemouth', 'Dorset', 'BH2']",,
238,2,4f47df33e4b07d0ddd090e57,Asian Shop,Gourmet Shop,v-1611346325,False,,,50.72392543920076,-1.8679582632895908,"[{'label': 'display', 'lat': 50.72392543920076, 'lng': -1.8679582632895908}]",,GB,,,United Kingdom,,,
239,3,4c6bcf261fb2a1431ae5f9e6,Spiki's Barber Shop,Salon / Barbershop,v-1611346325,False,,,50.719809,-1.884406,"[{'label': 'display', 'lat': 50.719809, 'lng': -1.884406}]",,GB,,,United Kingdom,,,
240,4,4f5492a8e4b092981023141f,"Private Shop, Bournemouth",Miscellaneous Shop,v-1611346325,False,The Triangle,,50.72016521282455,-1.8850563522522368,"[{'label': 'display', 'lat': 50.72016521282455, 'lng': -1.8850563522522368}]",,GB,Bournemouth,Dorset,United Kingdom,"['The Triangle', 'Bournemouth', 'Dorset']",,
241,5,5406e114498e6db24af75749,The Net Shop,IT Services,v-1611346325,False,"Platinum House, 23 Hinton Road",,50.718885709970664,-1.873592734336853,"[{'label': 'display', 'lat': 50.718885709970664, 'lng': -1.873592734336853}]",BH1 2EF,GB,Bournemouth,Dorset,United Kingdom,"['Platinum House, 23 Hinton Road', 'Bournemouth', 'Dorset', 'BH1 2EF']",,
242,6,5cc9d23265211f002cfdeea1,O2 Shop Bournemouth,Mobile Phone Shop,v-1611346325,False,5 Commercial Rd,,50.7192581,-1.8870092,"[{'label': 'display', 'lat': 50.7192581, 'lng': -1.8870092}]",BH2 5RH,GB,Bournemouth,Dorset,United Kingdom,"['5 Commercial Rd', 'Bournemouth', 'Dorset', 'BH2 5RH']",,
243,7,5f48053d9ebe6c5820cc66d0,Pot Shop,Noodle House,v-1611346325,False,204 Commercial Rd,W Hill Rd,50.71894,-1.8870423,"[{'label': 'display', 'lat': 50.71894, 'lng': -1.8870423}]",BH2 5NF,GB,,,United Kingdom,"['204 Commercial Rd (W Hill Rd)', 'BH2 5NF']",,
244,8,521ccfa811d29828a960bb10,Rock Shop,Candy Store,v-1611346325,False,Bournemouth Pier,,50.715915,-1.876238,"[{'label': 'display', 'lat': 50.715915, 'lng': -1.876238}]",,GB,Bournemouth,Dorset,United Kingdom,"['Bournemouth Pier', 'Bournemouth', 'Dorset']",,
245,9,4df09af6b3ad0e1c01553907,The Cove Shop,Gift Shop,v-1611346325,False,Oceanarium,Pier Approach,50.71567265152381,-1.8764948844909668,"[{'label': 'display', 'lat': 50.71567265152381, 'lng': -1.8764948844909668}]",BH2 5AA,GB,Bournemouth,Dorset,United Kingdom,"['Oceanarium (Pier Approach)', 'Bournemouth', 'Dorset', 'BH2 5AA']",,
246,10,4ec3dadd77c83d76b19c9d11,Forever And Ever Tattoo Shop,Tattoo Parlor,v-1611346325,False,,,50.71995067478268,-1.888051734765873,"[{'label': 'display', 'lat': 50.71995067478268, 'lng': -1.888051734765873}]",,GB,Bournemouth,Dorset,United Kingdom,"['Bournemouth', 'Dorset']",,
247,11,569ce463498e3c118eea8be6,Coffee Shop Bournemouth,Coffee Shop,v-1611346325,False,222a Old Christchurch Road,,50.72229722065065,-1.8695694208145142,"[{'label': 'display', 'lat': 50.72229722065065, 'lng': -1.8695694208145142}]",BH1 1PE,GB,Bournemouth,Dorset,United Kingdom,"['222a Old Christchurch Road', 'Bournemouth', 'Dorset', 'BH1 1PE']",,
248,12,4e91b2365c5c4562f075fd62,The Fone Shop,Shop & Service,v-1611346325,False,,,50.71867455838297,-1.8903688642137761,"[{'label': 'display', 'lat': 50.71867455838297, 'lng': -1.8903688642137761}]",,GB,Bournemouth,Dorset,United Kingdom,"['Bournemouth', 'Dorset']",,
249,13,4ee257fcb634bfdd0d257341,Fishtales Chip Shop,Fish & Chips Shop,v-1611346325,False,775 Christchurch Rd,,50.728862973781744,-1.8307879870306012,"[{'label': 'display', 'lat': 50.728862973781744, 'lng': -1.8307879870306012}]",BH1,GB,Bournemouth,Dorset,United Kingdom,"['775 Christchurch Rd', 'Bournemouth', 'Dorset', ' BH1']",,
250,14,5d03595facb00b0039b22a2e,Coffee Shop,Coffee Shop,v-1611346325,False,Bournemouth Railway Station,,50.726414,-1.8637215,"[{'label': 'display', 'lat': 50.726414, 'lng': -1.8637215}]",BH8 8DL,GB,,,United Kingdom,"['Bournemouth Railway Station', 'BH8 8DL']",,
251,15,5188cab5498e65952da5df7d,Golf Shop,Sporting Goods Shop,v-1611346325,False,135 Commercial Rd,,50.72737417623206,-1.8644326336181964,"[{'label': 'display', 'lat': 50.72737417623206, 'lng': -1.8644326336181964}]",BH14 0JD,GB,Dorset,Dorset,United Kingdom,"['135 Commercial Rd', 'Dorset', 'BH14 0JD']",,
252,16,4c22e74611de20a14cb185ce,O2,Mobile Phone Shop,v-1611346325,False,5 Commercial Rd,,50.720563100372026,-1.8817688159280386,"[{'label': 'display', 'lat': 50.720563100372026, 'lng': -1.8817688159280386}]",BH2 5RH,GB,Bournemouth,Dorset,United Kingdom,"['5 Commercial Rd', 'Bournemouth', 'Dorset', 'BH2 5RH']",,
253,17,5602049f498e4f74baadfac2,Jia Jia oriental shop,Grocery Store,v-1611346325,False,,,50.72703,-1.861052,"[{'label': 'display', 'lat': 50.72703, 'lng': -1.861052}]",,GB,,,United Kingdom,,,
254,18,4d68ef3a4c46370414e89ab3,Westbourne Book Shop,College Bookstore,v-1611346325,False,1-15 Seamoor Rd,,50.72259144719582,-1.9014287500549605,"[{'label': 'display', 'lat': 50.72259144719582, 'lng': -1.9014287500549605}]",BH 4 9,GB,Bournemouth,Dorset,United Kingdom,"['1-15 Seamoor Rd', 'Bournemouth', 'Dorset', 'BH 4 9']",,
255,19,4c63e13469a1c9b61a213ca4,Mike's Square Sandwich Shop,Sandwich Place,v-1611346325,False,,,50.734973,-1.86849,"[{'label': 'display', 'lat': 50.734973, 'lng': -1.86849}]",,GB,,,United Kingdom,,,
256,20,52a8996911d235ab05444c3f,Three,Mobile Phone Shop,v-1611346325,False,37 Commercial Road,,50.720415741244466,-1.8830877542495728,"[{'label': 'display', 'lat': 50.720415741244466, 'lng': -1.8830877542495728}]",BH2 5RH,GB,Bournemouth,Dorset,United Kingdom,"['37 Commercial Road', 'Bournemouth', 'Dorset', 'BH2 5RH']",,
257,21,5156f09ae4b079b31d67aac3,Fireplace Shop,Furniture / Home Store,v-1611346325,False,111 Barrack Rd,,50.7399966,-1.7920723,"[{'label': 'display', 'lat': 50.7399966, 'lng': -1.7920723}]",BH23 2AW,GB,Christchurch,Dorset,United Kingdom,"['111 Barrack Rd', 'Christchurch', 'Dorset', 'BH23 2AW']",,
258,22,4c9092e4352da1cd418612b2,The Bag Shop,Accessories Store,v-1611346325,False,18 Kingland Crescent,,50.71775725703077,-1.9779674471093807,"[{'label': 'display', 'lat': 50.71775725703077, 'lng': -1.9779674471093807}]",BH15 1TB,GB,Poole,Dorset,United Kingdom,"['18 Kingland Crescent', 'Poole', 'Dorset', 'BH15 1TB']",,
259,23,52fb8760498e36eceeedbd8b,the little tanning shop,Tanning Salon,v-1611346325,False,,,50.737023,-1.864771,"[{'label': 'display', 'lat': 50.737023, 'lng': -1.864771}]",,GB,,,United Kingdom,,,
260,24,4c8a8bdfa0739eb0f6e65aee,British Red Cross,Thrift / Vintage Store,v-1611346325,False,21 Southbourne Grove,,50.72180354831657,-1.8733830636687026,"[{'label': 'display', 'lat': 50.72180354831657, 'lng': -1.8733830636687026}]",BH6 3QS,GB,Southbourne,Dorset,United Kingdom,"['21 Southbourne Grove', 'Southbourne', 'Dorset', 'BH6 3QS']",,
261,25,4f06f6d5e4b0540ca07fbb17,hospice shop,Accessories Store,v-1611346325,False,,,50.74047571205956,-1.882631269755828,"[{'label': 'display', 'lat': 50.74047571205956, 'lng': -1.882631269755828}]",,GB,,,United Kingdom,,,
262,26,4cd81ad08f949eb0922075ae,O2 Shop Winton,Mobile Phone Shop,v-1611346325,False,339 Wimborne Rd Winton,,50.740635,-1.879474,"[{'label': 'display', 'lat': 50.740635, 'lng': -1.879474}]",BH9 2AD,GB,Bournemouth,Dorset,United Kingdom,"['339 Wimborne Rd Winton', 'Bournemouth', 'Dorset', 'BH9 2AD']",,
263,27,57e463e3498ecbd83f9e7782,Wistmans Coffee Shop and TeaRoom,Coffee Shop,v-1611346325,False,310 Wimborne Road,,50.739945146981384,-1.8800139427185056,"[{'label': 'display', 'lat': 50.739945146981384, 'lng': -1.8800139427185056}]",BH9 2HN,GB,Bournemouth,Dorset,United Kingdom,"['310 Wimborne Road', 'Bournemouth', 'Dorset', 'BH9 2HN']",347082118,
264,28,4c79042697028cfaa087d9fe,Branksome Beach Shop,Gift Shop,v-1611346325,False,,,50.706972757155214,-1.908260581899205,"[{'label': 'display', 'lat': 50.706972757155214, 'lng': -1.908260581899205}]",,GB,,,United Kingdom,,,
265,29,4d03d7b90e49721e39746d7f,The Galley Fish n Chip Shop,Restaurant,v-1611346325,False,Holdenhurst Road,,50.73202883122758,-1.8481581711665818,"[{'label': 'display', 'lat': 50.73202883122758, 'lng': -1.8481581711665818}]",,GB,,Dorset,United Kingdom,"['Holdenhurst Road', 'Springbourne', 'Dorset']",,
